{
  "train_loss": [
    0.1684563897550106,
    0.1665586017072201
  ],
  "val_loss": [
    2.6586840629577635,
    2.6537644386291506
  ],
  "val_category_acc": [
    0.0,
    0.0
  ],
  "val_pii_f1": [
    0.6114511830735686,
    0.6419955681329784
  ],
  "learning_rates": [
    1.0900000000000004e-06,
    1.1800000000000003e-06
  ],
  "epochs": [
    1,
    2
  ]
}