{
  "train_loss": [
    2.7740725370553823,
    2.429216274848351
  ],
  "train_category_loss": [
    2.288280597099891,
    2.1450160558407125
  ],
  "train_pii_loss": [
    0.4857919697578137,
    0.2842002132764229
  ],
  "val_loss": [
    2.6628087520599366,
    2.476574182510376
  ],
  "val_category_loss": [
    2.3364020347595216,
    2.2480126857757567
  ],
  "val_pii_loss": [
    0.3264067113399506,
    0.2285614624619484
  ],
  "val_category_acc": [
    0.2,
    0.3
  ],
  "val_pii_f1": [
    0.9076385865460652,
    0.9076385865460652
  ]
}